Branch,USN,NAME,GitHubUsername,Section,BranchExistsInKnownSet
3BR25CD035, 3BR25CD035,GUTTA SREEDEVI ,guttasreedevi,A,True
22BI26DS401-T,22BI26DS401-T,Smd Ruhullah ,smdruhullah786-lab,A,True
22BI26DS403-T,22BI26DS403-T,Lingana Gouda R ,linganagoudar601,A,True
22BI26DS406-T,22BI26DS406-T,Aishwarya Hiremath,Aishwarya0845,A,True
22BI26DS408-T,22BI26DS408-T,Kumar Swamy V,kumarswamy4530-hue,A,True
22BI26DS409-T,22BI26DS409-T,M.shiva balaji gouda ,Mshivabalajigouda,A,True
22BI26DS410-T,22BI26DS410T,Akash v k,Akashk63,A,True
3BE25AI161,3BE25AI161,Potula Aishwarya ,aishwarya0327p,A,False
3BR25CA044,3BR25CA044 ,M shree raksha ,raksha200703-coder,A,False
3BR25CD001,3BR25CD001,A Parvathi priya ,parvathipriya03,A,True
3BR25CD002,3BR25CD002,A Sri Hari Shastry ,sriharishastry001,A,True
3BR25CD003,3BR25CD003 ,Aafiya Zaki,AafiyaZaki24,A,True
3BR25CD005,3BR25CD005,Afham lasani,Afham04,A,True
3BR25CD007,3BR25CD007,AMOGHA.MANCHIKANTI,amoghamanchikanti-dev,A,True
3BR25CD008,3BR25CD008,ANAMIKA B,anamikab1687-lab,A,True
3BR25CD010,3BR25CD010,Ankita Telkar,atelkar03,A,True
3BR25CD011,3BR25CD011,Anne sujana,annesujana04,A,True
3BR25CD013,3BR25CD013,B Mahesh Raj,maheshrajb307-bot,A,True
3BR25CD014,3BR25CD014,B MISBHA TAJ ,misbhataj180-design,A,True
3BR25CD015,3BR25CD015,B.PRATHIKA,prathika2007,A,True
3BR25CD016,3BR25CD016,B RAGHAVENDRA ,BRaghu4433c,A,True
3BR25CD017,3BR25CD017,Bhoomika biradar,bhoomikabiradar523-svg,A,True
3BR25CD018,3BR25CD018,Chandranna G R ,Chandusurya577535,B,True
3BR25CD020,3BR25CD020,Akshitha ,chindanooruakshitha-del,A,True
3BR25CD021,3BR25CD021 ,Chinni krishna N ,nchinn2701-commits,A,True
3BR25CD023,3BR25CD023 ,D sanjana ,sd6775264-star,A,True
3BR25CD024,3BR25CD024,Deepa Biradar ,biradardeepa312-gif,A,True
3BR25CD025,3BR25CD025,Divyasri K Gutti,divyasri7711,A,True
3BR25CD026,3BR25CD026,E.Akshaya,Akshayaelluru-16,A,True
3BR25CD027,3BR25CD027,G Faiza Tabassum ,ftabassum0502-stack,A,True
3BR25CD030,3BR25CD030,G Sanika,gsanika50-eng,A,True
3BR25CD031,3BR25CD031,Gagana.v,gagana6364,A,True
3BR25CD032,3BR25CD032,Gagan kumar ,gagan-kumar-ds,A,True
3BR25CD036,3BR25CD036,H G Dileep ,hgdileepganji-art,A,True
3BR25CD037,3BR25CD037,HG.Nanditha,hg-nanditha,B,True
3BR25CD039,3BR25CD039,H.Megha,H-Megha05,A,True
3BR25CD040,3BR25CD040,Hansika R,Hansika-123-tech,A,True
3BR25CD041,3BR25CD041,Harshitha TM,harshitha07-lab,A,True
3BR25CD042,3BR25CD042 ,Sangeetha ,hothurusangeetha6303,A,True
3BR25CD043,3BR25CD043,I B AJAY KUMAR,AJAY102007,A,True
3BR25CD044,3BR25CD044,IRSHAD ALI,Irshadali70222,A,True
3BR25CD045,3BR25CD045,J Gouthami,gouthami2007bly-dot,A,True
3BR25CD046,3BR25CD046,J SHAHEEN TAZ,shaheentaj526-eng,A,True
3BR25CD047,3BR25CD047,K.CHARAN REDDY ,charanreddy2006k-rgb,A,True
3BR25CD048,3BR25CD048,KHM Niveditha ,Niveditha-237,A,True
3BR25CD049,3BR25CD049,K Kavitha,Kavitha25-ctrl,A,True
3BR25CD050,3BR25CD050 ,K. M. SHACHI ,kmshachi26,A,True
3BR25CD053,3BR25CD053,KV MEGHANA,kvmeghana07,B,True
3BR25CD055,3BR25CD055,Kalpitha.S,kalpithask32-a11y,B,True
3BR25CD056,3BR25CD056,Karthik ,karthikpatil446-wq,B,True
3BR25CD057,3BR25CD057,Karthik P,karthikpurma2006-ai,B,True
3BR25CD058,3BR25CD058,Kavana,kavanamatur33,B,True
3BR25CD059,3BR25CD059,K.Guru Charan,Gurucharan-10,B,True
3BR25CD060,3BR25CD060,K.Anudeep,anudeepkota290-collab,B,True
3BR25CD061,3BR25CD061,K kalpana ,aikalpana06-create,B,True
3BR25CD062,3BR25CD062,K.Ajay,ganachariajay6281-eng,B,True
3BR25CD063,3BR25CD063 ,K.Bhargavi,bhargavik30062007-a11y,B,True
3BR25CD065,3BR25CD065,M.Meghana,meghanaesha1112-bot,B,True
3BR25CD067,3BR25CD067,M Sampreeth,msampreeth,B,True
3BR25CD068,3BR25CD068,M YASHWANTH ,yashwanth18-yash,B,True
3BR25CD070,3BR25CD070,Manoj Kumar.h,manojkumarhugar43-ship-it,B,True
3BR25CD071,3BR25CD071,MD MUBASHEER AHMED ,basheerx19-source,B,True
3BR25CD072,3BR25CD072,M.ROHIT,martcyler-sys,B,True
3BR25CD073,3BR25CD073,Mifra Naaz M,mifranaaz,B,True
3BR25CD074,3BR25CD074,Mohammad Kaif,Mohammedkaif2333-rgb,B,True
3BR25CD076,3BR25CD076,MOHAN R,Mohandev2006,B,True
3BR25CD077,3BR25CD077,N. Niharikabharadwaj,niharikabharadwaj055-max,B,True
3BR25CD078,3BR25CD078 ,Nithya nandini k ,kotenithyanandini-ops,A,True
3BR25CD079,3BR25CD079 ,Deepakreddy ,deepakreddy1250-sys,B,True
3BR25CD080,3BR25CD080,OGNanditha,nanditha623-cmyk,B,True
3BR25CD081,3BR25CD081 ,P.Meghana,meghanapandurangi5-blip,B,True
3BR25CD082,3BR25CD082,Pallavi M Kulkarni,Pallavi-127k,B,True
3BR25CD083,3BR25CD083,Priyanka k,priyankak1234_crypto,B,True
3BR25CD084,3BR25CD084,Rahul Balasaheb Kumbhar ,Rahul-kumbhar-CS,B,True
3BR25CD085,3BR25CD085 ,Ramya D ,ramyareddy8036-sys,B,True
3BR25CD086,3BR25CD086,REEME WILSON,reemewilson78,B,True
3BR25CD087,3BR25CD087,S.GIRIJA,sgirija0407-hub,B,True
3BR25CD088,3BR25CD088,SM Nagaveni ,Nagaveni-dot,B,True
3BR25CD089,3BR25CD089,S.MD.QHIZAR,qhizar09,B,True
3BR25CD090,3BR25CD090,S sahana ,ssahana2027-oss,B,True
3BR25CD091,3BR25CD091 ,S Sanjana ,ssanju72048-gif,B,True
3BR25CD092,3BR25CD092,Sai charan. V,saiachar23-sys,B,True
3BR25CD093,3BR25CD093,SAI PRATHAM.H,SAIPRATHAM-DS,B,True
3BR25CD095,3BR25CD095 ,Shaheen G,shaheen-gvt,B,True
3BR25CD097,3BR25CD097,Shakunthala.G,shakunthalag15072007-alt,B,True
3BR25CD098,3BR25CD098,Shalini E ,Shalini252007,B,True
3BR25CD099,3BR25CD099,Shreya M ,shreyamarri2629-arch,B,True
3BR25CD100,3BR25CD100,Shrishail ,shivukumarkuddalli-ops,B,True
3BR25CD103,3BR25CD103,Sree lakshmi,sreelakshmi01230-droid,B,True
3BR25CD104,3BR25CD104,Srushti S K ,Srushtikam7,B,True
3BR25CD105,3BR25CD105,Syeda Nysha Alvira,nyshaalvira20-dotcom,B,True
3BR25CD106,3BR25CD106 ,TAHAMEEL ,tahameeltahameel-netizen,B,True
3BR25CD109,3BR25CD109 ,V.Harshavardhan Reddy ,harshavardhanreddyv18-rgb,B,True
3BR25CD110,3BR25CD110,V Sindhu ,sindhuv2604-design,B,True
3BR25CD111,3BR25CD111,Varshitha.B.S,varshithabhari-max,B,True
3BR25CD114,3BR25CD114,Vishnu B,bvishnu8387-cell,B,True
3BR25CD115,3BR25CD115 ,Yadavalli Aparna kowsil ,aparnakowsil,B,True
3BR25CD117,3BR25CD117,Keerthana G ,keerthana-763,B,True
3BR25CD052,3BR25CDO52 ,K RAJA VARDHAN ,krajuvardhan313-lgtm,B,True
3BR25CD102,3BR25CD102,Spandana B,bspandu2007-coder,B,True
3BR25CD094,3BR25CD094,SANTHOSH P M,pmsantosh,B,True
